type,n_valid,if_contamination,if_f1,if_anomalies,if_anomaly_pct,ae_top_pct,ae_f1,ae_anomalies,ae_anomaly_pct,mp_top_pct,mp_f1,mp_anomalies,mp_anomaly_pct
주택용,8336324,0.05,0.4707610887248682,416817,5.000009596555987,0.03,0.7076186095333432,246704,2.9593859355754404,0.05,0.04508306406373562,414762,4.975358443361847
업무용,5155597,0.05,0.14837353000350015,257780,5.00000290945937,0.05,0.3631225815612908,176629,3.4259659938509546,0.05,0.04560946483544179,303969,4.786522172439764
공공용,1617120,0.05,0.11117850267661718,80856,5.0,0.05,0.23821679277965174,54845,3.391523201741367,0.05,0.05246050343941341,84438,4.817043289951914
냉수용,95556,0.05,0.1652235628105039,4778,5.000209301352087,0.05,0.3358702845797485,3777,3.9526560341579806,0.05,0.05102721946154417,10495,4.984848340917079
